{
   "name": "train-catalog",
   "title-ja": "Train Catalog",
   "title-en": "Train Catalog",
   "description-ja": "A train catalog app displaying the types trains towards Tokaido and Tohoku areas.",
   "description-en": "A train catalog app displaying the types trains towards Tokaido and Tohoku areas.",
   "category": "Sample App",
   "platform": ["ios", "android"],
   "preview_url": "https://monaca.github.io/project-templates/20-train-catalog/www/index.html",
   "framework_version": "3.5",
   "cordova_version": "5.2",
   "plugins": [
      "mobi.monaca.plugins.Monaca"
   ],
   "external_plugins": [
      "cordova-plugin-whitelist@1.0.0",
      "cordova-plugin-splashscreen@2.1.0"
   ]
}
