{
    "plugins": [
        "mobi.monaca.plugins.Monaca"
    ],
    "framework_version": "3.5",
    "xcode_version": "7",
    "cordova_version": "6.2",
    "plugin_settings": [],
    "external_plugins": [
        "cordova-plugin-whitelist@1.2.2",
        "cordova-plugin-splashscreen@3.2.2",
        "cordova-custom-config@2.0.3",
        "https:\/\/github.com\/floatinghotpot\/cordova-admob-pro.git"
    ],
    "title-ja": "",
    "title-en": "AdMob Demo",
    "description-ja": "",
    "description-en": "A sample app integrating AdMob with Monaca using OnsenUI",
    "category": "User Template",
    "platform": [
        "android",
        "ios",
        "winrt"
    ],
    "name": "generated-1472553204-57c3de78fd173459483924af"
}