{
   "name": "ibeacon",
   "title-ja": "iBeacon",
   "title-en": "iBeacon",
   "description-ja": "A sample app handling a basic usage of iBeacon devices.",
   "description-en": "A sample app handling a basic usage of iBeacon devices.",
   "category": "Sample App",
   "platform": ["ios", "android"],
   "preview_url": "https://monaca.github.io/project-templates/24-ibeacon/www/index.html",
   "framework_version": "3.5",
   "cordova_version": "5.2",
   "plugins": [
        "mobi.monaca.plugins.Monaca"
    ],
    "external_plugins": [
        "cordova-plugin-whitelist@1.0.0"
    ]
}
