{
   "name": "clock-app",
   "title-ja": "Clock App",
   "title-en": "Clock App",
   "description-ja": "A simple clock app displaying current Date and time.",
   "description-en": "A simple clock app displaying current Date and time.",
   "category": "Sample App",
   "platform": ["ios", "android"],
   "preview_url": "https://monaca.github.io/project-templates/21-clock-app/www/index.html",
   "framework_version": "3.5",
   "cordova_version": "5.2",
   "plugins": [
      "mobi.monaca.plugins.Monaca"
   ],
   "external_plugins": [
      "cordova-plugin-whitelist@1.0.0",
      "cordova-plugin-splashscreen@2.1.0"
   ]
}
