{
   "name": "ons-tab-nav",
   "title-ja": "Onsen UI Tabbar",
   "title-en": "Onsen UI Tabbar",
   "description-ja": "タブバーでページ内容を切り替えるサンプルです。",
   "description-en": "Tab-bar style Onsen UI app.",
   "category": "Onsen UI",
   "platform": ["ios", "android"],
   "preview_url": "https://monaca.github.io/project-templates/9-ons-tab-nav/www/index.html",
   "framework_version": "3.5",
   "cordova_version": "5.2",
   "plugins": [
      "mobi.monaca.plugins.Monaca"
   ],
   "external_plugins": [
      "cordova-plugin-whitelist@1.0.0",
      "cordova-plugin-splashscreen@2.1.0"
   ]
}
