{
   "name": "twitter-client",
   "title-ja": "Twitter Client",
   "title-en": "Twitter Client",
   "description-ja": "A sample app showing the Twitter Timeline of a specifice user.",
   "description-en": "A sample app showing the Twitter Timeline of a specifice user.",
   "category": "Sample App",
   "platform": ["ios", "android"],
   "preview_url": "https://monaca.github.io/project-templates/14-twitter-client/www/index.html",
   "framework_version": "3.5",
   "cordova_version": "5.2",
   "plugins": [
      "mobi.monaca.plugins.Monaca"
   ],
   "external_plugins": [
      "cordova-plugin-whitelist@1.0.0",
      "cordova-plugin-splashscreen@2.1.0",
      "cordova-plugin-inappbrowser@1.0.1"
   ]
}
