{
   "name": "backend-memo",
   "title-ja": "Backend Memo",
   "title-en": "Backend Memo",
   "description-ja": "A simple memo app using Monaca Backend API.",
   "description-en": "A simple memo app using Monaca Backend API.",
   "category": "Sample App",
   "platform": ["ios", "android"],
   "preview_url": "https://monaca.github.io/project-templates/16-backend-memo/www/index.html",
   "framework_version": "3.5",
   "cordova_version": "5.2",
   "plugins": [
      "mobi.monaca.plugins.Monaca",
      "mobi.monaca.plugins.MonacaBackend"
   ],
   "external_plugins": [
      "cordova-plugin-whitelist@1.0.0",
      "cordova-plugin-splashscreen@2.1.0"
   ]
}
