{
   "name": "monacanoid",
   "title-ja": "ブロック崩し",
   "title-en": "Break the Bricks",
   "description-ja": "pixi.jsを用いたブロック崩しゲームです。難易度やシナリオはプレイ後ご自由に調整してください。",
   "description-en": "This is a sample game application using pixi.js. Feel free to modify the source code to adjust game difficulty.",
   "category": "Sample App",
   "platform": ["ios", "android", "winrt"],
   "preview_url": "https://monaca.github.io/project-templates/5-monacanoid/www/index.html",
   "framework_version": "3.5",
   "cordova_version": "5.2",
   "plugins": [
      "mobi.monaca.plugins.Monaca"
   ],
   "external_plugins": [
      "cordova-plugin-whitelist@1.0.0",
      "cordova-plugin-splashscreen@2.1.0"
   ]
}
