{
   "name": "flickr-sample",
   "title-ja": "Flickr Sample",
   "title-en": "Flickr Sample",
   "description-ja": "A sample app retrieving pictures from Flickr and displaying them as a slide show.",
   "description-en": "A sample app retrieving pictures from Flickr and displaying them as a slide show.",
   "category": "Sample App",
   "platform": ["ios", "android"],
   "preview_url": "https://monaca.github.io/project-templates/18-flickr-sample/www/index.html",
   "framework_version": "3.5",
   "cordova_version": "5.2",
   "plugins": [
      "mobi.monaca.plugins.Monaca"
   ],
   "external_plugins": [
      "cordova-plugin-whitelist@1.0.0",
      "cordova-plugin-splashscreen@2.1.0"
   ]
}
