{
   "name": "rss",
   "title-ja": "RSSリーダー",
   "title-en": "RSS Reader Example",
   "description-ja": "RSSを読み込み一覧で表示するアプリです。確認にはデバッガーが必要です。",
   "description-en": "RSS reader sample app. Monaca Debugger is required to test Ajax.",
   "category": "Sample App",
   "platform": ["ios", "android", "winrt"],
   "preview_url": "https://monaca.github.io/project-templates/2-rss/www/index.html",
   "framework_version": "3.5",
   "cordova_version": "5.2",
   "plugins": [
      "mobi.monaca.plugins.Monaca"
   ],
   "external_plugins": [
      "cordova-plugin-whitelist@1.0.0",
      "cordova-plugin-inappbrowser@1.0.1",
      "cordova-plugin-splashscreen@2.1.0"
   ]
}
