{
   "name": "jqm-memo",
   "title-ja": "メモ帳アプリ",
   "title-en": "Memo Application",
   "description-ja": "jQuery Mobileとローカルストレージを用いた簡単なメモ帳アプリです。",
   "description-en": "Simple memo app on top of jQuery Mobile and localStorage.",
   "category": "Sample App",
   "platform": ["ios", "android"],
   "num_screenshots": 1,
   "preview_url": "https://monaca.github.io/project-templates/4-jqm-memo/www/index.html",
   "framework_version": "3.5",
   "cordova_version": "5.2",
   "plugins": [
      "mobi.monaca.plugins.Monaca"
   ],
   "external_plugins": [
      "cordova-plugin-whitelist@1.0.0",
      "cordova-plugin-splashscreen@2.1.0"
   ]
}
